{"cameraMode":{"drawMode":0,"name":"Shaded","section":"Shading Mode"},"sceneLighting":true,"audioPlay":false,"sceneViewState":{"showFog":true,"showMaterialUpdate":false,"showSkybox":true,"showFlares":true,"showImageEffects":true,"showParticleSystems":true},"in2DMode":false,"pivot":{"x":-17.764123916625978,"y":171.83604431152345,"z":-651.888671875},"rotation":{"x":0.023991072550415994,"y":-0.023991523310542108,"z":0.0005899567622691393,"w":0.9994395971298218},"size":27.674728393554689,"orthographic":true}